{"cameraMode":{"drawMode":0,"name":"Shaded","section":"Shading Mode"},"sceneLighting":true,"audioPlay":false,"sceneViewState":{"showFog":true,"showMaterialUpdate":false,"showSkybox":true,"showFlares":true,"showImageEffects":true,"showParticleSystems":true},"in2DMode":false,"pivot":{"x":2.165142774581909,"y":2.3873071670532228,"z":2.2323389053344728},"rotation":{"x":-0.0016054511070251465,"y":-0.80180823802948,"z":-0.0021601105108857157,"w":0.5975754261016846},"size":2.0792076587677,"orthographic":false}