{"cameraMode":{"drawMode":0,"name":"Shaded","section":"Shading Mode"},"sceneLighting":true,"audioPlay":false,"sceneViewState":{"showFog":true,"showMaterialUpdate":false,"showSkybox":true,"showFlares":true,"showImageEffects":true,"showParticleSystems":true},"in2DMode":false,"pivot":{"x":-1.4257392883300782,"y":8.627251625061036,"z":20.79390525817871},"rotation":{"x":-0.05640975385904312,"y":-0.09334848076105118,"z":-0.005316701252013445,"w":0.9940199851989746},"size":24.61873435974121,"orthographic":false}